{
    "paths": {
        "source_directory": "C:/family/dad/personal_media",
        "output_directory": "./organized_media_output"
    },
    "organization": {
        "rename_on_copy": false,
        "date_format": "%Y/%Y-%m-%d",
        "deduplication_strategy": "KEEP_OLDEST" 
    },
    "file_groups": {
        "IMAGE": [".jpg", ".jpeg", ".png", ".gif", ".tiff", ".bmp", ".webp", ".heic", ".heif", ".raw", ".cr2", ".nef", ".arw", ".dng", ".orf", ".svg"],
        "VIDEO": [".mp4", ".mov", ".avi", ".mkv", ".wmv", ".3gp", ".webm", ".ts", ".m2ts", ".vob", ".mpg", ".mpeg", ".flv", ".f4v", ".mxf"],
        "AUDIO": [".mp3", ".flac", ".wav", ".m4a", ".aac", ".ogg", ".wma", ".aiff", ".m4b", ".opus"],
        "DOCUMENT": [".pdf", ".doc", ".docx", ".txt", ".xls", ".xlsx", ".ppt", ".pptx", ".csv", ".epub", ".mobi", ".rtf", ".md"]
    }
}